{"BoundingBox":{"Min":[-0.872608,-0.211972,0],"Max":[5.03635,4.73813,0]},"Positions":[1.84461,1.7882,0,2.38918,1.27736,0,1.78493,1.33575,0,1.98308,1.5298800000000001,0,1.4391300000000002,1.71846,0,1.70452,1.6527,0,1.1274,1.30447,0,1.25567,1.4950800000000002,0,1.26481,1.80087,0,1.52195,1.3747200000000002,0,2.1683600000000003,1.76475,0,2.5730500000000003,1.34849,0,2.5162,1.63522,0,2.12785,1.29789,0,2.2403399999999998,1.4972900000000002,0,1.9396799999999998,4.73684,0,1.9024,4.46584,0,2.34952,4.57848,0,2.11912,4.43946,0,4.74842,0.06964540000000001,0,3.8549400000000005,-0.20208600000000002,0,4.73223,0.32726500000000003,0,4.3438799999999995,-0.0100671,0,4.45637,0.189333,0,4.14192,-0.000400647,0,5.03635,0.31988,0,2.05864,4.20691,0,2.50575,4.31955,0,2.27535,4.18053,0,1.9873500000000002,4.00675,0,4.22733,-0.211972,0,4.46479,-0.0676757,0,2.70491,4.13417,0,2.44251,3.9758400000000003,0,2.1609100000000003,3.80592,0,1.89851,3.64759,0,1.78577,3.44861,0,2.34827,3.7269099999999997,0,2.79538,3.83955,0,2.56498,3.70053,0,2.27698,3.5267500000000003,0,2.0529800000000002,3.39159,0,1.91107,3.23613,0,2.9418599999999997,3.6064299999999996,0,2.7321400000000002,3.4958400000000003,0,2.45054,3.32592,0,2.2299,3.09837,0,2.00407,2.9517700000000002,0,2.66493,3.2021100000000002,0,3.1120400000000004,3.31475,0,2.88164,3.1757299999999997,0,2.5936399999999997,3.00195,0,2.36964,2.86679,0,2.22773,2.71132,0,3.3112,3.1293599999999997,0,3.0488,2.9710300000000003,0,2.7672000000000003,2.8011200000000005,0,2.5048,2.64279,0,2.37814,2.43542,0,2.95455,2.7221100000000003,0,3.4016699999999997,2.83475,0,3.1712700000000003,2.6957299999999997,0,2.8832600000000004,2.52195,0,2.6592599999999997,2.38679,0,2.51736,2.23132,0,3.62014,2.61736,0,3.38863,2.40783,0,3.05682,2.32112,0,2.79442,2.16279,0,2.63739,1.9021700000000001,0,3.27508,2.1909,0,3.72219,2.3035400000000004,0,3.49179,2.16452,0,3.20379,1.99075,0,2.97979,1.85559,0,2.83788,1.70012,0,3.85506,2.03511,0,3.65895,1.9598300000000002,0,3.3773500000000003,1.78992,0,3.1149500000000003,1.6315899999999999,0,2.94247,1.39656,0,3.5647,1.7109,0,4.01182,1.8235400000000002,0,3.7814200000000002,1.68452,0,3.4934100000000003,1.5107400000000002,0,3.2694099999999997,1.37558,0,3.12751,1.22012,0,4.21098,1.63816,0,3.94858,1.47983,0,3.66697,1.3099100000000001,0,3.44634,1.08236,0,3.1741699999999997,1.0125600000000001,0,3.8813600000000004,1.1861,0,4.32848,1.29874,0,4.09808,1.1597199999999999,0,3.81007,0.985942,0,3.5860700000000003,0.8507819999999999,0,3.4441699999999997,0.6953159999999999,0,4.52764,1.11336,0,4.26524,0.955026,0,3.9836300000000002,0.785111,0,3.72123,0.626781,0,3.5487599999999997,0.39175899999999997,0,4.17099,0.7060980000000001,0,4.6181,0.8187380000000001,0,4.3877,0.679717,0,4.0997,0.5059400000000001,0,3.8757,0.37078000000000005,0,3.7337900000000004,0.215314,0,4.81726,0.633354,0,4.55486,0.475024,0,4.2732600000000005,0.305109,0,4.01086,0.146779,0,3.78046,0.00775774,0,1.80738,4.73813,0,1.57233,4.5982,0,1.93929,4.319030000000001,0,1.6869,4.41237,0,1.37142,4.52904,0,-0.8577870000000001,0.160125,0,0.10322300000000001,-0.19528700000000002,0,-0.402688,-0.102218,0,-0.17667300000000002,-0.065736,0,-0.521126,0.0616535,0,-0.872608,-0.00865159,0,1.46743,4.31456,0,1.83439,4.03539,0,1.58201,4.12873,0,1.26652,4.24541,0,1.02115,4.33616,0,1.15913,4.465330000000001,0,1.81375,3.76409,0,1.52631,3.87039,0,1.21784,3.98447,0,0.9303980000000001,4.09078,0,0.704553,4.05476,0,1.27297,3.7887500000000003,0,1.6399299999999999,3.50959,0,1.38755,3.60293,0,1.07206,3.7196,0,0.826686,3.81035,0,0.616654,3.8242700000000003,0,1.54912,3.24968,0,1.33185,3.34459,0,1.02338,3.45867,0,0.707896,3.4891500000000004,0,0.452438,3.5741899999999998,0,1.06036,3.21387,0,1.42732,2.9347000000000003,0,1.17494,3.0280500000000004,0,0.859453,3.14472,0,0.614077,3.2354700000000003,0,0.404045,3.2493900000000004,0,1.4066800000000002,2.6633999999999998,0,1.11924,2.76971,0,0.81077,2.8837900000000003,0,0.523329,2.9900900000000004,0,0.282246,2.9597100000000003,0,0.8659,2.68807,0,1.23286,2.4089,0,0.980477,2.50224,0,0.664994,2.61891,0,0.419618,2.70966,0,0.20958500000000002,2.72358,0,1.19926,2.10254,0,0.891077,2.1527600000000002,0,0.61631,2.35798,0,0.32887,2.46429,0,0.027219899999999998,2.42442,0,0.650698,2.10618,0,1.01766,1.82701,0,0.765275,1.92035,0,0.44979199999999997,2.03702,0,0.20441600000000001,2.12777,0,-0.00561674,2.14169,0,0.89076,1.5556999999999999,0,0.709581,1.66201,0,0.40110799999999996,1.7760900000000002,0,0.11366799999999999,1.88239,0,-0.177611,1.8705699999999998,0,0.456239,1.58037,0,0.823203,1.3012000000000001,0,0.570816,1.3945400000000001,0,0.255332,1.5112200000000002,0,0.00995615,1.6019700000000001,0,-0.200076,1.61588,0,0.8025620000000001,1.0299,0,0.515122,1.1362,0,0.206649,1.25028,0,-0.108834,1.28076,0,-0.333178,1.44993,0,0.24363,1.00549,0,0.610593,0.7263200000000001,0,0.35820700000000005,0.819661,0,0.0427231,0.9363360000000001,0,-0.202653,1.02708,0,-0.412685,1.041,0,0.5899530000000001,0.45501600000000003,0,0.30251300000000003,0.56132,0,-0.005960259999999999,0.6754030000000001,0,-0.293401,0.7817080000000001,0,-0.5846800000000001,0.769887,0,0.0491702,0.47968200000000005,0,0.416134,0.20051400000000003,0,0.163747,0.29385500000000003,0,-0.151736,0.41053,0,-0.39711300000000005,0.501278,0,-0.607145,0.5151979999999999,0,0.39549300000000004,-0.0707899,0,0.10805300000000001,0.0355146,0,-0.20042000000000001,0.149598,0,-0.48786,0.255902,0,-0.740247,0.349243,0],"PositionSize":3}